,mean_fit_time,std_fit_time,mean_score_time,std_score_time,param_clf__class_weight,param_clf__criterion,param_clf__n_estimators,params,split0_test_accuracy,split1_test_accuracy,split2_test_accuracy,split3_test_accuracy,split4_test_accuracy,split5_test_accuracy,split6_test_accuracy,split7_test_accuracy,split8_test_accuracy,split9_test_accuracy,mean_test_accuracy,std_test_accuracy,rank_test_accuracy,split0_test_balanced_accuracy,split1_test_balanced_accuracy,split2_test_balanced_accuracy,split3_test_balanced_accuracy,split4_test_balanced_accuracy,split5_test_balanced_accuracy,split6_test_balanced_accuracy,split7_test_balanced_accuracy,split8_test_balanced_accuracy,split9_test_balanced_accuracy,mean_test_balanced_accuracy,std_test_balanced_accuracy,rank_test_balanced_accuracy,split0_test_f1,split1_test_f1,split2_test_f1,split3_test_f1,split4_test_f1,split5_test_f1,split6_test_f1,split7_test_f1,split8_test_f1,split9_test_f1,mean_test_f1,std_test_f1,rank_test_f1,split0_test_roc_auc,split1_test_roc_auc,split2_test_roc_auc,split3_test_roc_auc,split4_test_roc_auc,split5_test_roc_auc,split6_test_roc_auc,split7_test_roc_auc,split8_test_roc_auc,split9_test_roc_auc,mean_test_roc_auc,std_test_roc_auc,rank_test_roc_auc,split0_test_f1_weighted,split1_test_f1_weighted,split2_test_f1_weighted,split3_test_f1_weighted,split4_test_f1_weighted,split5_test_f1_weighted,split6_test_f1_weighted,split7_test_f1_weighted,split8_test_f1_weighted,split9_test_f1_weighted,mean_test_f1_weighted,std_test_f1_weighted,rank_test_f1_weighted,split0_test_precision,split1_test_precision,split2_test_precision,split3_test_precision,split4_test_precision,split5_test_precision,split6_test_precision,split7_test_precision,split8_test_precision,split9_test_precision,mean_test_precision,std_test_precision,rank_test_precision,split0_test_recall,split1_test_recall,split2_test_recall,split3_test_recall,split4_test_recall,split5_test_recall,split6_test_recall,split7_test_recall,split8_test_recall,split9_test_recall,mean_test_recall,std_test_recall,rank_test_recall
0,1.7877304792404174,0.042478421385949185,0.0532118558883667,0.012259214698597014,balanced,gini,10,"{'clf__class_weight': 'balanced', 'clf__criterion': 'gini', 'clf__n_estimators': 10}",0.8327380952380953,0.8297619047619048,0.8315476190476191,0.8313157372494543,0.8289343123635642,0.8265528874776742,0.8257590791823775,0.827545147846795,0.8309188331018059,0.8253621750347291,0.829043579130402,0.0024883004910248047,18,0.5958596296045541,0.5969669804273121,0.597640931372549,0.5950057854082622,0.5831314051946079,0.585209015246996,0.5793612369929746,0.6003854061539772,0.5869549732786584,0.5924316585466411,0.5912947022226532,0.006752106904850447,20,0.32721468475658416,0.33073322932917315,0.3320220298977183,0.32539682539682535,0.2945990180032733,0.30079999999999996,0.28501628664495116,0.340167046317388,0.303921568627451,0.31993817619783615,0.31598088651712003,0.01755652501086277,20,0.7230593868114293,0.7184726198861435,0.7342821946486928,0.7177539064535968,0.7252339459272588,0.7170364096736002,0.706538049691808,0.7245499212409127,0.718294175480628,0.7181441090848757,0.7203364718898946,0.006812075600874328,20,0.7978605879328682,0.7928934529511209,0.7947452456388,0.7963179445266029,0.790560639462351,0.7881993691795746,0.7855546998050185,0.7912184841898264,0.7921112640440602,0.7870410931557024,0.7916502780885925,0.0037864900003452212,20,0.6366459627329193,0.6708860759493671,0.6784565916398714,0.6307692307692307,0.6143344709897611,0.6204620462046204,0.6140350877192983,0.6746987951807228,0.6503496503496503,0.6592356687898089,0.644987358032525,0.023825068067092683,18,0.22019334049409237,0.2194616977225673,0.21979166666666666,0.2192513368983957,0.193756727664155,0.19852164730728616,0.1855779427359491,0.22741116751269036,0.19829424307036247,0.21122448979591837,0.20934842598680836,0.013432619365664202,20
1,5.079662895202636,0.1348940697965963,0.09786155223846435,0.01333557634285031,balanced,gini,30,"{'clf__class_weight': 'balanced', 'clf__criterion': 'gini', 'clf__n_estimators': 30}",0.8388888888888889,0.8307539682539683,0.8315476190476191,0.8390553681285969,0.8352847787259376,0.8342925183568168,0.8299265727326851,0.835681682873586,0.8366739432427069,0.8346894225044652,0.8346794762755272,0.0030029046277451864,16,0.6025394466941264,0.5936319395530512,0.5960477941176471,0.6038865173927094,0.5895237010206407,0.594438139269866,0.5807002564123807,0.6104377703039424,0.5909018238309965,0.6001563670553217,0.5962263755650682,0.008001494017992881,17,0.343042071197411,0.32140015910898967,0.32779097387173395,0.34649476228847703,0.30948419301164726,0.32278994322789945,0.2864279766860949,0.3640552995391705,0.31244778613199664,0.33731105807478123,0.32712442231382016,0.020811102980900675,17,0.7563187511942948,0.7547064096817571,0.7625896139705882,0.7583569179931409,0.7562342366409214,0.752091029861238,0.7473407312516569,0.7601194784119963,0.7587059477406571,0.7523566928619194,0.755881980960817,0.004224897159424796,14,0.8037916356239787,0.791786063780109,0.7940101214996372,0.8039958885457708,0.79642434787549,0.796067170458545,0.7879871181543461,0.7997830474967184,0.7965940467582826,0.7950502670579095,0.7965489707250787,0.004725507345374803,16,0.6950819672131148,0.6941580756013745,0.6831683168316832,0.7026143790849673,0.6813186813186813,0.6958041958041958,0.6666666666666666,0.7476340694006309,0.722007722007722,0.7653429602888087,0.7053797034217845,0.029257132431184697,12,0.22771213748657357,0.20910973084886128,0.215625,0.22994652406417113,0.20021528525296017,0.21013727560718057,0.1823966065747614,0.24060913705583756,0.19936034115138593,0.2163265306122449,0.21314385686539766,0.01610289383313948,19
2,8.52827455997467,0.128562496086822,0.1379256248474121,0.008556790540370304,balanced,gini,50,"{'clf__class_weight': 'balanced', 'clf__criterion': 'gini', 'clf__n_estimators': 50}",0.8444444444444444,0.8325396825396826,0.8371031746031746,0.8396507243500695,0.8380631077594761,0.835681682873586,0.8317126413971025,0.8358801349474102,0.8352847787259376,0.8340940662829927,0.8364454437923877,0.0035034368170461733,12,0.6109310755594266,0.5951313739301188,0.6022671568627451,0.604664941468347,0.5916434226688562,0.5948876732718746,0.5838396511300371,0.6071025921631578,0.5904595010109864,0.5997868179052848,0.5980714205970834,0.007946936230840824,15,0.36363636363636365,0.3248,0.3426741393114492,0.34838709677419355,0.3142857142857143,0.3235294117647059,0.29450915141430944,0.3554169914263445,0.3117744610281924,0.33650793650793653,0.33155212661492095,0.020498848031009525,15,0.7675067618983139,0.764512065097965,0.7696165236928105,0.7670788118543537,0.7642880527160775,0.7619953580840251,0.7533766745509678,0.7714765638499544,0.7635868364312829,0.7639819046613471,0.7647419552837098,0.004702187574151017,9,0.8102096918552615,0.7933235485088712,0.7995353020314673,0.8046319321603431,0.7986973000591528,0.796926089735688,0.7903148059815742,0.798349926920239,0.7957500725878077,0.7945941467045691,0.7982332816544975,0.005424273440397951,15,0.7441860465116279,0.7147887323943662,0.740484429065744,0.7081967213114754,0.7164750957854407,0.7148014440433214,0.6833976833976834,0.7651006711409396,0.7014925373134329,0.7571428571428571,0.7246066218106888,0.024686453362941386,5,0.24060150375939848,0.21014492753623187,0.22291666666666668,0.23101604278074866,0.20129171151776104,0.20908130939809927,0.18769883351007424,0.23147208121827412,0.20042643923240938,0.2163265306122449,0.21509760462319086,0.01565848100567035,18
3,12.638086700439453,0.21017866254005219,0.19392144680023193,0.0070710345687515766,balanced,gini,75,"{'clf__class_weight': 'balanced', 'clf__criterion': 'gini', 'clf__n_estimators': 75}",0.8454365079365079,0.834920634920635,0.8359126984126984,0.8412383409406629,0.8416352450883112,0.835681682873586,0.8336971621353443,0.8376662036118278,0.8372692994641794,0.8336971621353443,0.8377154937519098,0.003675352409301856,3,0.6123702417396618,0.5981836033382425,0.6011335784313725,0.6093559433342716,0.5979987900025928,0.5956992602043186,0.5899581828274125,0.6116711200819395,0.5970233740899432,0.6026366200582228,0.6016030714107978,0.007034265286879393,9,0.3671811535337124,0.33226324237560195,0.3399840383080607,0.36000000000000004,0.33053691275167785,0.3257328990228013,0.3108552631578947,0.3668730650154799,0.32896890343698854,0.3442879499217527,0.340668342752397,0.017885622901619578,9,0.7686076697846205,0.768023323179563,0.7707766544117647,0.7730187582741762,0.7699038025870896,0.7670071977051572,0.7596018721417683,0.7769164502565618,0.7686654250952365,0.7687289771784545,0.7691250130614392,0.004197939526279773,5,0.811333317900553,0.7958870180669001,0.7984385377363878,0.807440451114744,0.8033287529280368,0.7973058760888829,0.794168379432242,0.8013359340957427,0.7997322105976729,0.7957679481887909,0.8004738426149954,0.005225201582009194,8,0.7533333333333333,0.7392857142857143,0.726962457337884,0.7142857142857143,0.7490494296577946,0.7117437722419929,0.6923076923076923,0.7719869706840391,0.7077464788732394,0.738255033557047,0.730495659656445,0.02308144007731119,3,0.24274973147153597,0.21428571428571427,0.221875,0.24064171122994651,0.21205597416576966,0.21119324181626187,0.20042417815482502,0.24060913705583756,0.21428571428571427,0.22448979591836735,0.22226101983839724,0.013892819366604057,11
4,16.689342641830443,0.44416281444016636,0.24617011547088624,0.018682172415187073,balanced,gini,100,"{'clf__class_weight': 'balanced', 'clf__criterion': 'gini', 'clf__n_estimators': 100}",0.8436507936507937,0.835515873015873,0.8380952380952381,0.8398491764238937,0.8400476284977177,0.836872395316531,0.8346894225044652,0.8372692994641794,0.8384600119071244,0.8334987100615201,0.8377948548937336,0.0028025234670048613,2,0.6062906109274159,0.5985517918507609,0.6024816176470588,0.6031350658285642,0.5936930849433893,0.5939976372368987,0.5901603820088812,0.6071973785369592,0.5965215203114951,0.6005783318501089,0.5992607421141533,0.0053763491266861875,14,0.35197368421052627,0.333065164923572,0.34299516908212563,0.34443541835905767,0.31925675675675674,0.32066115702479336,0.31100082712985944,0.3553459119496855,0.32727272727272727,0.338849487785658,0.33448563044947616,0.014000183883010933,14,0.7716985245507817,0.7695723067353342,0.772585018382353,0.7755471380471382,0.7728514034136592,0.766648241449822,0.7598588282078472,0.7797986071286365,0.7705691159626676,0.7682796104398892,0.7707408794318129,0.0050649425604587656,2,0.807817827416767,0.7963409790614094,0.8001140379604916,0.8040664940000855,0.800581353755936,0.7970563728772495,0.7947145460732319,0.799070057528554,0.8000690859298457,0.7946971874604735,0.7994527942064044,0.003924158747880869,10,0.7508771929824561,0.7472924187725631,0.7553191489361702,0.7162162162162162,0.7411764705882353,0.7376425855513308,0.706766917293233,0.7874564459930313,0.7279411764705882,0.7439446366782007,0.7414633209482024,0.02115394344751936,2,0.22986036519871106,0.21428571428571427,0.221875,0.2267379679144385,0.20344456404736275,0.20485744456177402,0.19936373276776245,0.22944162436548224,0.21108742004264391,0.2193877551020408,0.216034158828593,0.010581610953707991,16
5,2.568198013305664,0.10557296201405861,0.03994908332824707,0.0023004414933937554,balanced,entropy,10,"{'clf__class_weight': 'balanced', 'clf__criterion': 'entropy', 'clf__n_estimators': 10}",0.8353174603174603,0.8305555555555556,0.8285714285714286,0.8378646556856519,0.8327049017662235,0.8269497916253225,0.8273466957729708,0.8291327644373884,0.8309188331018059,0.8239730105179599,0.8303335097351768,0.003910838863601807,17,0.6003491327491276,0.5994322426415658,0.5981924019607843,0.6048072312391197,0.5916912201854806,0.5886997422534092,0.5844193233032874,0.5971450143869939,0.5906551213001769,0.5896342720384532,0.59450257020584,0.0060582087447184,19,0.33811802232854865,0.33695652173913043,0.33436055469953774,0.349003984063745,0.316301703163017,0.310126582278481,0.29838709677419356,0.331002331002331,0.3140096618357488,0.3129357087529047,0.3241202166637638,0.015095032773561822,19,0.7292345612144258,0.7227192385993693,0.7226030177696079,0.7314538574600494,0.7238463774720483,0.7181549545253261,0.7143742388404692,0.73379703945968,0.7240827163170458,0.7170135903585381,0.7237279592016559,0.005978751103068445,17,0.8010666945915077,0.7944002123142251,0.7935681077392359,0.803789022335604,0.7962151336342841,0.7900087181185707,0.7886832084508154,0.7904314692450162,0.7938296055573649,0.785065083480197,0.7937057255466822,0.005356729008477531,18,0.6563467492260062,0.6739130434782609,0.6420118343195266,0.684375,0.6414473684210527,0.6182965299684543,0.622895622895623,0.7052980132450332,0.6414473684210527,0.6495176848874598,0.653554921486247,0.025836692518895202,17,0.22771213748657357,0.2246376811594203,0.22604166666666667,0.23422459893048128,0.20990312163616792,0.20696937697993664,0.19618239660657477,0.216243654822335,0.20788912579957355,0.20612244897959184,0.21559262090673217,0.011480280236050643,17
6,7.724707865715027,0.0831828320205788,0.08307976722717285,0.0052166894803667,balanced,entropy,30,"{'clf__class_weight': 'balanced', 'clf__criterion': 'entropy', 'clf__n_estimators': 30}",0.8420634920634921,0.8341269841269842,0.8376984126984127,0.8376662036118278,0.8386584639809486,0.8340940662829927,0.8327049017662235,0.8327049017662235,0.8362770390950586,0.8331018059138718,0.8359096271306037,0.002945249234151982,13,0.6090554934427819,0.6020362425561887,0.6090073529411765,0.6022078368827595,0.5961739724843447,0.5951275365639912,0.5868989169787249,0.6032078363413712,0.5947692564453311,0.6022670709081859,0.6000751515544855,0.006518488964728634,12,0.35909822866344604,0.34276729559748426,0.35993740219092335,0.342443729903537,0.3264291632145816,0.3247172859450727,0.3027295285359802,0.3460046547711404,0.3232157506152584,0.3434816549570648,0.33708246943944886,0.016815047041007617,12,0.7605965161486966,0.7584673193945142,0.7568854677287582,0.768060767635071,0.7650033130881385,0.7508424246553143,0.7440078104288175,0.769420062656673,0.7549321009125134,0.7540053345802475,0.7582221117228743,0.007488484564138721,13,0.8081826973918436,0.7973084788557,0.8028514950949353,0.8025734632290578,0.8010684206037753,0.7962941604117624,0.792250134861626,0.7949938005938886,0.7982274548833836,0.7953102766994041,0.7989060382625376,0.004495772122091838,13,0.7170418006430869,0.7124183006535948,0.7232704402515723,0.6893203883495146,0.7086330935251799,0.6907216494845361,0.6879699248120301,0.7335526315789473,0.701067615658363,0.7308970099667774,0.7094892854923602,0.016082985351973698,11,0.23952738990332975,0.22567287784679088,0.23958333333333334,0.22780748663101605,0.21205597416576966,0.2122492080253432,0.19406150583244963,0.2263959390862944,0.21002132196162046,0.22448979591836735,0.22118648327043147,0.013418326974240342,12
7,12.661443901062011,0.2858992729859035,0.12879910469055175,0.00479920859133211,balanced,entropy,50,"{'clf__class_weight': 'balanced', 'clf__criterion': 'entropy', 'clf__n_estimators': 50}",0.8416666666666667,0.8333333333333334,0.839484126984127,0.8384600119071244,0.8376662036118278,0.8352847787259376,0.8350863266521135,0.8336971621353443,0.836872395316531,0.8342925183568168,0.8365843523689822,0.002590377367299375,10,0.6046583970268822,0.5968068984653476,0.6085171568627451,0.6031080933170716,0.5926497895599747,0.5942375005290154,0.5908126750149125,0.6038245112303697,0.5939016382191873,0.6041672323031209,0.5992683892528627,0.0059124266099975405,13,0.34803921568627455,0.329073482428115,0.35844567803330696,0.3446054750402577,0.31719532554257096,0.3218954248366013,0.3126550868486352,0.34735202492211836,0.3206611570247934,0.3481654957064793,0.33480883660691524,0.01538272073541224,13,0.7648733661849928,0.7683098190718092,0.7652927134395424,0.7787838394262544,0.7688891857136496,0.7572607999124674,0.7540328510239926,0.7742322554148438,0.7626626767926488,0.7614376718906336,0.7655775178870836,0.007045585293998161,8,0.8061049781249446,0.794491387409506,0.8035385166134964,0.8033603458645269,0.7989825572688425,0.7964355730442283,0.7952074283155531,0.7957584807470941,0.7981041629414412,0.7967706076623096,0.7988754037991942,0.003840627029062533,14,0.726962457337884,0.7202797202797203,0.7508305647840532,0.6970684039087948,0.7063197026022305,0.7111913357400722,0.7105263157894737,0.745819397993311,0.7132352941176471,0.7408637873754153,0.7223096979928603,0.017244659489659364,7,0.22878625134264233,0.21325051759834368,0.23541666666666666,0.2288770053475936,0.20452099031216361,0.20802534318901794,0.20042417815482502,0.2263959390862944,0.2068230277185501,0.22755102040816327,0.21800709398242604,0.011988641743446134,15
8,18.798208379745482,0.6608667016266074,0.17600667476654053,0.002519731998280229,balanced,entropy,75,"{'clf__class_weight': 'balanced', 'clf__criterion': 'entropy', 'clf__n_estimators': 75}",0.8448412698412698,0.8337301587301588,0.8386904761904762,0.8420321492359595,0.8378646556856519,0.836872395316531,0.8342925183568168,0.8338956142091685,0.8392538202024211,0.8342925183568168,0.8375765576125269,0.0035661627315778763,4,0.6115898165955166,0.5998164393502806,0.6072303921568627,0.6098432727689693,0.5927714440611913,0.5996787457640065,0.5915488509080064,0.6047164046789659,0.5974203337997025,0.6049412743663615,0.6019556974449863,0.00649900836433572,8,0.3652597402597403,0.3370253164556962,0.3552735923869944,0.3611556982343499,0.31746031746031744,0.3360258481421648,0.31501230516817064,0.34965034965034963,0.32947019867549665,0.3501945525291829,0.3416527918962463,0.016602960978113136,8,0.7706627065525651,0.7711043927506758,0.7706483609068627,0.7813640793903951,0.7721946786304505,0.7627808813343778,0.7566646766055806,0.7816342322804575,0.7650900581219724,0.7679012625005657,0.7700045329073903,0.00727909374738803,3,0.8106938508046103,0.7960941747647162,0.8025671372147993,0.8080571825891066,0.7991317125973796,0.7997055022230487,0.7951955658568928,0.7962731007643188,0.8008619984233922,0.7971304431909289,0.8005710668429193,0.004946226258753313,7,0.7475083056478405,0.714765100671141,0.7441860465116279,0.7234726688102894,0.7089552238805971,0.7147766323024055,0.6956521739130435,0.7450331125827815,0.737037037037037,0.7377049180327869,0.7269091219389551,0.016959494182838618,4,0.24167561761546724,0.2204968944099379,0.23333333333333334,0.24064171122994651,0.20452099031216361,0.21964097148891235,0.20360551431601273,0.22842639593908629,0.21215351812366737,0.22959183673469388,0.22340867835032213,0.01300318808569103,10
9,25.00118770599365,1.331467689209807,0.2394646644592285,0.015125293979415963,balanced,entropy,100,"{'clf__class_weight': 'balanced', 'clf__criterion': 'entropy', 'clf__n_estimators': 100}",0.8458333333333333,0.8339285714285715,0.839484126984127,0.8416352450883112,0.8390553681285969,0.8372692994641794,0.8346894225044652,0.8358801349474102,0.8398491764238937,0.836872395316531,0.8384497073619419,0.0033634110139933488,1,0.6105367458558784,0.5967802181383535,0.6065257352941176,0.6079479000531632,0.5935013710684905,0.5991115381082,0.5909766867709438,0.6055654752215647,0.5986083533632912,0.6057686119532809,0.6015322635827285,0.006279297976728823,10,0.36259228876127975,0.3287890938251804,0.3533173461231015,0.3564516129032258,0.3190596137699412,0.33441558441558444,0.31327287716405605,0.35137254901960785,0.3325062034739454,0.3517350157728707,0.3403512185228793,0.016093777306286878,10,0.7702196247842426,0.7712518968442,0.7699360447303922,0.7829404728398535,0.7752708744195548,0.764889329993053,0.7608720247464872,0.7833058281724635,0.7665971792204199,0.768598126612064,0.7713881402362731,0.0069109809296401675,1,0.8107668632216267,0.794754956330833,0.8026458014210931,0.807049853792022,0.8000278933725238,0.7996376965518835,0.795105289959164,0.7976280876658218,0.8016940560092342,0.7987662583535103,0.8008076756677711,0.004772014994493156,5,0.7673611111111112,0.7295373665480427,0.7594501718213058,0.7245901639344262,0.7251908396946565,0.7228070175438597,0.7037037037037037,0.7724137931034483,0.7416974169741697,0.7743055555555556,0.7421057139990278,0.023435584836315575,1,0.23737916219119226,0.2122153209109731,0.23020833333333332,0.23636363636363636,0.20452099031216361,0.21752903907074975,0.2014846235418876,0.22741116751269036,0.21428571428571427,0.22755102040816327,0.22089490079305038,0.012081918828250859,13
10,1.8805886507034302,0.04302155629078384,0.03880810737609863,0.001655789437554988,,gini,10,"{'clf__class_weight': None, 'clf__criterion': 'gini', 'clf__n_estimators': 10}",0.8315476190476191,0.8269841269841269,0.8297619047619048,0.8317126413971025,0.8307203810279817,0.8265528874776742,0.8247668188132566,0.8253621750347291,0.8334987100615201,0.8239730105179599,0.8284880275123875,0.0031856325941476155,19,0.6001139987959677,0.5924846854923054,0.5977328431372549,0.603095063118283,0.5942237028539701,0.5933248845714356,0.5873220854321315,0.6059457476353493,0.5992292690586154,0.59737469267086,0.5970846972766173,0.005174098340055371,16,0.338269680436477,0.3198127925117005,0.33281493001555207,0.345679012345679,0.32355273592386996,0.32248062015503876,0.30745098039215685,0.3548387096774194,0.33570863024544734,0.3335837716003005,0.33141918633036416,0.01294117892949922,16,0.7194772210225178,0.7286077138161405,0.7286485140931372,0.7338620988001793,0.7240735793661395,0.7079437974113861,0.7019453321762328,0.7311266180672595,0.713282656630111,0.7158863397539356,0.7204853871137039,0.010063439967445137,19,0.7990811047295728,0.7895140920435635,0.7939347064460999,0.7999450140826506,0.7963800062829264,0.7919079569516304,0.7888608802383057,0.7926404375999655,0.7988821112042027,0.7887089392616197,0.7939855248840537,0.004140250297782043,17,0.6164772727272727,0.6487341772151899,0.656441717791411,0.6204986149584487,0.6144578313253012,0.6064139941690962,0.5903614457831325,0.6385224274406333,0.6523076923076923,0.6324786324786325,0.627669380619681,0.02052909794034646,19,0.23308270676691728,0.2122153209109731,0.22291666666666668,0.23957219251336898,0.21959095801937567,0.21964097148891235,0.20784729586426298,0.24568527918781727,0.2260127931769723,0.22653061224489796,0.22530947968401643,0.0110812947962144,6
11,5.585818791389466,0.1636811515556914,0.0866966962814331,0.00349057266243654,,gini,30,"{'clf__class_weight': None, 'clf__criterion': 'gini', 'clf__n_estimators': 30}",0.8412698412698413,0.8339285714285715,0.8347222222222223,0.8382615598333003,0.8362770390950586,0.8317126413971025,0.8297281206588609,0.8319110934709267,0.8366739432427069,0.8336971621353443,0.8348182194753937,0.003242135768749646,15,0.6131378580303277,0.604282726089091,0.6011948529411765,0.6083543119533832,0.5959637943632978,0.596501815167721,0.5899656908636002,0.6080944057257481,0.601180012779659,0.6057327883111855,0.6024408256225191,0.006569499751812697,5,0.3690851735015772,0.3486381322957198,0.3404592240696754,0.3577620173364854,0.326530612244898,0.3291139240506329,0.31250000000000006,0.3588190764572294,0.34001603849238166,0.3523956723338485,0.34353198707824484,0.016356977444476707,5,0.7511801790050344,0.7533731556271097,0.7536541309232025,0.7677776214153924,0.7587972311487905,0.7467764902490863,0.7318965713646607,0.7617717914749862,0.7433443608584728,0.7429477703867947,0.751151930245353,0.009884437430852724,16,0.8094407794615855,0.7982284106418794,0.79789214512273,0.8054791526315083,0.7998295649963177,0.7957882946841147,0.7923564852137472,0.7968492322122891,0.8012988076875087,0.7972050409823621,0.7994367913634044,0.004681621885342956,11,0.6943620178041543,0.7021943573667712,0.7095709570957096,0.6796407185628742,0.6756756756756757,0.6561514195583596,0.639344262295082,0.7053571428571429,0.686084142394822,0.7261146496815286,0.6874495343292121,0.024627988143369788,16,0.2513426423200859,0.2318840579710145,0.22395833333333334,0.2427807486631016,0.21528525296017223,0.21964097148891235,0.2067868504772004,0.24060913705583756,0.2260127931769723,0.23265306122448978,0.229095384867112,0.012840942126038818,3
12,9.301743388175964,0.35132982135710883,0.13544254302978515,0.0034947135496611503,,gini,50,"{'clf__class_weight': None, 'clf__criterion': 'gini', 'clf__n_estimators': 50}",0.8404761904761905,0.8345238095238096,0.8365079365079365,0.8376662036118278,0.8394522722762453,0.8352847787259376,0.8334987100615201,0.8360785870212344,0.836872395316531,0.834490970430641,0.8364851853951875,0.002112491449502711,11,0.6130664944180846,0.6042560457620969,0.6034926470588236,0.6055112528796739,0.5991599422763141,0.5999186090561232,0.5947339410872879,0.6126058364365332,0.5996574240304382,0.6069995625744754,0.603940175557985,0.005591349605786243,2,0.36891679748822603,0.3484375,0.3460317460317461,0.3507936507936508,0.3341563786008231,0.33706070287539935,0.3239323126510878,0.36946564885496186,0.3360258481421648,0.3554868624420402,0.34703074478801,0.014109439844473853,2,0.761473661206871,0.7592612496963524,0.7579838133169934,0.7758624688578248,0.7662908341386886,0.7616695620578852,0.7426069144353128,0.7691779003753891,0.7474357494583723,0.7554419254767687,0.7597204079020458,0.00930252861525525,12,0.8089889178124474,0.7985092329545455,0.7998056365403304,0.8039859748503072,0.8027936623661361,0.7990441423452391,0.796306186996031,0.8009548941391929,0.8007253255091503,0.7981730360134726,0.8009287009526853,0.0034272749085691623,4,0.685131195335277,0.7101910828025477,0.7266666666666667,0.68,0.7097902097902098,0.6918032786885245,0.674496644295302,0.7446153846153846,0.6933333333333334,0.732484076433121,0.7048511871960367,0.02259282689390138,14,0.25241675617615467,0.2308488612836439,0.22708333333333333,0.23636363636363636,0.2185145317545748,0.22280887011615627,0.21314952279957583,0.24568527918781727,0.22174840085287847,0.23469387755102042,0.23033130694187914,0.011639815127867038,2
13,14.058526468276977,0.15986530779324976,0.19396767616271973,0.005442537999076114,,gini,75,"{'clf__class_weight': None, 'clf__criterion': 'gini', 'clf__n_estimators': 75}",0.8418650793650794,0.8335317460317461,0.8363095238095238,0.8382615598333003,0.8386584639809486,0.8354832307997618,0.8321095455447509,0.8374677515380036,0.8386584639809486,0.8370708473903552,0.8369416212274418,0.0026395822127843744,8,0.6135029103544941,0.6008783163646454,0.6049632352941177,0.6100060199518405,0.5982567656402641,0.6020697660255517,0.5946957536618505,0.6157748566935207,0.6028103551632578,0.6132451946040797,0.6056203173753623,0.0067794667941903876,1,0.36996047430830037,0.33988985051140835,0.34988179669030733,0.3617854346123728,0.3319638455217749,0.34258524980174465,0.3242811501597444,0.37718631178707224,0.34382566585956414,0.3708812260536398,0.35122410053059294,0.01696922524856203,1,0.7663465150377248,0.7653751101516357,0.7644844005310457,0.7794548946638731,0.7706603128707582,0.7639279414026494,0.7430448400632954,0.7748391636761586,0.7555487272593039,0.7596332916019327,0.7643315197258377,0.009679099806964195,10,0.8099051191587383,0.7964903914013746,0.8003698517683695,0.8061572146161647,0.802004446326922,0.8000965434943582,0.7956305966807022,0.8030635129168853,0.8029973606430911,0.8022647147133293,0.8018979751719935,0.003988367444573525,1,0.7005988023952096,0.7081967213114754,0.7184466019417476,0.6754385964912281,0.7013888888888888,0.6878980891719745,0.656957928802589,0.7515151515151515,0.707641196013289,0.7446153846153846,0.7052697361146938,0.027271083019232648,13,0.2513426423200859,0.2236024844720497,0.23125,0.24705882352941178,0.21743810548977396,0.22808870116156282,0.21527041357370094,0.2517766497461929,0.22707889125799574,0.24693877551020407,0.2339845487060978,0.013335399138721655,1
14,18.544300389289855,0.5649674324097683,0.24552650451660157,0.007196898247921748,,gini,100,"{'clf__class_weight': None, 'clf__criterion': 'gini', 'clf__n_estimators': 100}",0.8422619047619048,0.8327380952380953,0.8373015873015873,0.8378646556856519,0.8388569160547727,0.8362770390950586,0.8329033538400477,0.8358801349474102,0.8396507243500695,0.836872395316531,0.8370606806591129,0.002751422842638199,7,0.6133309057506263,0.5972284476318541,0.6059742647058823,0.60769772023642,0.5967121856167451,0.6009353507139384,0.5919188158636002,0.6097925468109456,0.6046533452499234,0.6092518012378639,0.60374953838178,0.00647984928944245,4,0.3695479777954005,0.33042096902303414,0.3522906793048973,0.3561859732072498,0.32781456953642385,0.3394715772618095,0.31655844155844154,0.36237471087124135,0.34838709677419355,0.36080870917573876,0.346386070450843,0.016347209117886705,4,0.7672017020613627,0.7663559297916088,0.7682135927287581,0.7802612033649186,0.7718700483737059,0.7642218674808857,0.7485302371918081,0.7764958592002884,0.7600405850359447,0.7616796385960148,0.7664870663825296,0.008453611044412328,7,0.8100472466252828,0.7944137073067116,0.8013137118954341,0.8050018008588249,0.8014073641678587,0.7999830621007845,0.7947290860769717,0.7995893764457291,0.8042984198537744,0.8003770672388589,0.8011160842570231,0.004415789169727021,3,0.706060606060606,0.7098976109215017,0.7287581699346405,0.6766467065868264,0.7096774193548387,0.7019867549668874,0.6747404844290658,0.7532051282051282,0.7152317880794702,0.7581699346405228,0.7134374603179487,0.026236665184609667,10,0.2502685284640172,0.2153209109730849,0.23229166666666667,0.24171122994652405,0.2131324004305705,0.2238648363252376,0.2067868504772004,0.23857868020304568,0.2302771855010661,0.23673469387755103,0.22889669828649645,0.013177837242086024,4
15,2.665920948982239,0.030454663544817004,0.039022970199584964,0.0008170847002838666,,entropy,10,"{'clf__class_weight': None, 'clf__criterion': 'entropy', 'clf__n_estimators': 10}",0.8295634920634921,0.8257936507936507,0.8327380952380953,0.8325064496923993,0.8269497916253225,0.8267513395514983,0.8241714625917841,0.8279420519944434,0.8283389561420916,0.8255606271085533,0.828031591680133,0.002710142391073763,20,0.5976510392554762,0.5933277838253186,0.603952205882353,0.6035823925529807,0.586913563756649,0.5914181068786444,0.5832825030653499,0.6010163553449748,0.589070142026829,0.5971990939760975,0.5947413186564674,0.006742926020551778,18,0.3325563325563326,0.3225308641975309,0.3480278422273782,0.34674922600619196,0.30573248407643316,0.3174354964816263,0.2968253968253968,0.3416856492027335,0.3107569721115538,0.3325740318906606,0.32548742955758375,0.016807846698234527,18,0.7251072349371152,0.7310037342293858,0.7341468801062091,0.7310204730483368,0.7224178210094312,0.7176140686078691,0.7044641488683059,0.735832129199963,0.7152886419610589,0.7130009653528817,0.7229896097320557,0.009767877395509947,18,0.7970627395652983,0.789355224988194,0.7981513957231617,0.8005501925457311,0.7913827071609798,0.7911530620781524,0.7867345565847804,0.7916989940075713,0.7919093503296737,0.7893786409511391,0.7927376863934682,0.004170412574491154,19,0.601123595505618,0.6333333333333333,0.6756756756756757,0.6274509803921569,0.5871559633027523,0.6114457831325302,0.5899053627760252,0.677710843373494,0.6151419558359621,0.6498516320474778,0.6268795125375025,0.030852831315667423,20,0.22986036519871106,0.2163561076604555,0.234375,0.23957219251336898,0.20667384284176535,0.21436114044350582,0.19830328738069988,0.22842639593908629,0.20788912579957355,0.22346938775510203,0.21992868455322684,0.012688616367001658,14
16,7.828491806983948,0.21720098522625333,0.08084955215454101,0.004233782399272043,,entropy,30,"{'clf__class_weight': None, 'clf__criterion': 'entropy', 'clf__n_estimators': 30}",0.8398809523809524,0.832936507936508,0.8357142857142857,0.836872395316531,0.8352847787259376,0.8321095455447509,0.8334987100615201,0.8348878745782894,0.8376662036118278,0.8338956142091685,0.8352746868079771,0.0022444111625180745,14,0.6077169682541715,0.5993255213335894,0.6034007352941176,0.6054368504445904,0.5961886391195829,0.5939056401808045,0.5898361125149125,0.6091758719219471,0.5968560894971272,0.6058559713611978,0.6007698399922041,0.006152640321083327,11,0.3559457302474062,0.33596214511041006,0.3459715639810427,0.3507109004739336,0.32739059967585094,0.32211538461538464,0.3105998356614626,0.3609831029185868,0.32840722495894914,0.3526682134570765,0.3390754701100103,0.015782264653596247,11,0.7572794152052593,0.7550686268829958,0.7620627808415033,0.7677024371683815,0.7599675500695355,0.7456304624058482,0.7417045261548914,0.7638619750124588,0.7519844086080205,0.7462446767324816,0.7551506859081376,0.008183682883646078,15,0.8064928759926744,0.7954885986177915,0.7993753090846577,0.8035494785116138,0.7994496399055788,0.7947985344507112,0.7940201696063075,0.7988158158421134,0.7998453900730474,0.7973584854326579,0.7989194297517154,0.0036789020659302794,12,0.6925465838509317,0.7052980132450332,0.7156862745098039,0.6706948640483383,0.6622950819672131,0.6677740863787376,0.6897810218978102,0.7413249211356467,0.7142857142857143,0.7284345047923323,0.6988121066111561,0.025415175228765154,15,0.23952738990332975,0.2204968944099379,0.228125,0.2374331550802139,0.21743810548977396,0.2122492080253432,0.20042417815482502,0.23857868020304568,0.21321961620469082,0.23265306122448978,0.22401452886956502,0.012615164535493589,9
17,12.86678488254547,0.4378553134826231,0.12366611957550049,0.001717507765521899,,entropy,50,"{'clf__class_weight': None, 'clf__criterion': 'entropy', 'clf__n_estimators': 50}",0.8402777777777778,0.8351190476190476,0.8369047619047619,0.8392538202024211,0.8376662036118278,0.8342925183568168,0.8327049017662235,0.8364754911688828,0.8392538202024211,0.8362770390950586,0.8368225381705239,0.002261753705369619,9,0.6071295908303247,0.6006755458794902,0.6041360294117647,0.6093764007463698,0.5980650517653653,0.59524972620231,0.5889396788838812,0.6101625517443447,0.5998870991473815,0.607721188992966,0.6021342863604199,0.006498508046093485,7,0.3544506816359262,0.33890214797136037,0.3476190476190476,0.36018957345971564,0.33169934640522875,0.32497978981406633,0.30844954881050046,0.36321483771251933,0.33606557377049184,0.35697583787996884,0.34225463850788257,0.01660538557157294,7,0.7657124767904882,0.7606046676850929,0.7704299428104575,0.7726868791110277,0.7695892556420711,0.7566636577306945,0.7537296817006893,0.7733556379736503,0.7589751368562142,0.7598531356371077,0.7641600471937493,0.0067195652428240805,11,0.8064519355806489,0.7971561770237638,0.8002915451895044,0.8064173693362621,0.8014359136334018,0.7964440325913393,0.7932333676854619,0.8000542478017946,0.8019890324784038,0.7993825634586043,0.8002856184779186,0.003937018370089718,9,0.6993670886075949,0.7319587628865979,0.73,0.6888217522658611,0.688135593220339,0.6931034482758621,0.6811594202898551,0.7605177993527508,0.7269503546099291,0.7557755775577558,0.7155789797066546,0.027681410656265178,8,0.23737916219119226,0.2204968944099379,0.228125,0.24385026737967913,0.2185145317545748,0.2122492080253432,0.19936373276776245,0.23857868020304568,0.21855010660980811,0.2336734693877551,0.22507810527290983,0.013044660828966624,7
18,19.190049743652345,0.5369918072600632,0.17074224948883057,0.008620121098617175,,entropy,75,"{'clf__class_weight': None, 'clf__criterion': 'entropy', 'clf__n_estimators': 75}",0.8420634920634921,0.8351190476190476,0.8376984126984127,0.8416352450883112,0.8366739432427069,0.835681682873586,0.8334987100615201,0.8352847787259376,0.8374677515380036,0.8366739432427069,0.8371797007153724,0.0026114685601931306,6,0.6103016119027186,0.6006755458794902,0.6050245098039215,0.6120771700493063,0.5987064551528343,0.6009745752652045,0.5939176363252253,0.6075011457005551,0.5987898058042944,0.6099026602510923,0.6037871116134642,0.005741722750385734,3,0.3621794871794871,0.33890214797136037,0.3497615262321145,0.3666666666666667,0.33360323886639676,0.3397129186602871,0.3217461600646726,0.3565891472868217,0.33360455655004073,0.36250968241673126,0.34652755318945794,0.014389005795777928,3,0.7694563216789323,0.7637267741401057,0.7757666973039216,0.7751596199351617,0.7736439255249214,0.7620659364706781,0.7554630024688493,0.7747721746273029,0.763961829477339,0.7629400023128246,0.7676956283940036,0.006656220513981608,6,0.8087019908181593,0.7971561770237638,0.8010837880281917,0.8087784938026225,0.8012320062500076,0.7997093337012705,0.7959319862805051,0.7982441518052961,0.8006274885526706,0.800573352541378,0.8012038768803865,0.004117181895951334,2,0.7129337539432177,0.7319587628865979,0.738255033557047,0.7107692307692308,0.673202614379085,0.6938110749185668,0.6768707482993197,0.7540983606557377,0.7044673539518901,0.752411575562701,0.7148778508923395,0.027458135501737698,9,0.24274973147153597,0.2204968944099379,0.22916666666666666,0.24705882352941178,0.2217438105489774,0.2249208025343189,0.2110286320254507,0.233502538071066,0.21855010660980811,0.23877551020408164,0.22879935160712547,0.010974516537740337,5
19,23.322861552238464,1.0516115821385554,0.17987322807312012,0.013301427283040162,,entropy,100,"{'clf__class_weight': None, 'clf__criterion': 'entropy', 'clf__n_estimators': 100}",0.8430555555555556,0.834920634920635,0.8382936507936508,0.8416352450883112,0.8362770390950586,0.8338956142091685,0.8329033538400477,0.8382615598333003,0.8402460805715419,0.8354832307997618,0.8374971964707031,0.0032101721571358966,5,0.6092485411630805,0.598578472177755,0.6026041666666666,0.6108383890504634,0.5934644425761945,0.5954111403918946,0.5911025111015377,0.6124254042507369,0.6037857270237796,0.6068414357612963,0.6024300230163405,0.00714998316670689,6,0.35951417004048586,0.33333333333333337,0.3432715551974215,0.3636363636363636,0.31986809563066776,0.3255439161966156,0.31433224755700323,0.3687064291247095,0.3460601137286759,0.35486381322957194,0.34291300376748485,0.018068189089782218,6,0.7693398656743379,0.7666270527335393,0.776395143995098,0.778412609062764,0.7747800659474778,0.7620984515592275,0.7577942477051299,0.778981591158948,0.7664218358515709,0.7655190531497152,0.7696369916837809,0.00685550631665706,4,0.8087785121730854,0.7960748792270531,0.8002667243415815,0.808266329520043,0.7987041379631317,0.7963315473536522,0.7943474455988903,0.8019775113809122,0.8042169239519368,0.7985881885093173,0.8007552200019603,0.004753346265609317,6,0.7302631578947368,0.7375886524822695,0.7580071174377224,0.7147335423197492,0.6830985915492958,0.6870748299319728,0.6771929824561403,0.7777777777777778,0.726962457337884,0.7475409836065574,0.7240240092794107,0.03185673848265157,6,0.23845327604726102,0.2153209109730849,0.221875,0.24385026737967913,0.20882669537136705,0.2133051742344245,0.2046659597030753,0.2416243654822335,0.22707889125799574,0.23265306122448978,0.2247653601673611,0.013380215384363086,8
